Trial,MSE_Multi_Train,MSE_Multi_Test
1,0.0449071848705261,65.0175536223452
2,1.18043259235419,43.242748835279
3,0.693698358162523,27.2903052375458
4,0.915394270215571,12.6307276339147
5,1.1953721719666,67.793563863326
6,0.0163415806458606,281.03752793616
7,1.274168163425,31.8564621026046
8,2.66573781355068,27.6744418080741
9,0.741046843811186,13.3536354964216
10,0.499629561226608,15.9295100985009
