Trial,MSE_Turkish_Train,MSE_Turkish_Test
1,9.27985407150778e-05,8.87335195829109e-05
2,7.01207562516599e-05,0.000107025490147992
3,0.000102178572993907,9.52722327922523e-05
4,0.000142881198220376,9.09664804777938e-05
5,0.000156079948914781,0.000100563520460258
6,8.30485128183821e-05,8.95849034526646e-05
7,3.80914758861187e-05,0.000131456937506206
8,4.81609565332768e-05,0.000103837211508899
9,5.01962785681417e-05,9.17004460243889e-05
10,8.32895900982759e-05,0.00010234825310384
