Trial,MSE_Cars_Train,MSE_Cars_Test
1,0.710645525349351,10.9487224268602
2,3.01880915806634,14.6351557282129
3,6.60799193811544,32.82191238265
4,10.1863700196027,12.0206091223801
5,4.67801227241436,56.2574059101444
6,5.155642173085,16.5387441224415
7,3.11696395251041,12.2034041642105
8,10.1857781592858,16.2504795809188
9,7.03254245796793,10.2609844033993
10,10.8960230684327,13.0247929850461
